{"nodes":{"node:14790279719138285702":{"location":{"x":10,"y":76}},"node:3869558606059207735":{"location":{"x":0,"y":0}}},"selection":null,"view":{"scroll":{"x":-420.9246826171875,"y":-332.156707763671875},"visible_rect":{"max":{"x":587.0753173828125,"y":348.843292236328125},"min":{"x":-420.9246826171875,"y":-332.156707763671875}},"zoom":1}}