{"nodes":{"node:14546733756409717253":{"location":{"x":-576,"y":-144}},"node:8939934728001913795":{"location":{"x":-576,"y":-48}}},"selection":null,"view":{"scroll":{"x":-1145.02197265625,"y":-497.4423828125},"visible_rect":{"max":{"x":756.97802734375,"y":463.5576171875},"min":{"x":-1145.02197265625,"y":-497.4423828125}},"zoom":1}}