{"nodes":{"node:23":{"location":{"x":-544,"y":48}}},"selection":null,"view":{"scroll":{"x":-836.2012939453125,"y":-238.490692138671875},"visible_rect":{"max":{"x":211.8074951171875,"y":573.91796875},"min":{"x":-1030.9373779296875,"y":-294.03082275390625}},"zoom":0.811107754707336426}}