{"nodes":{"node:17146660228284777835":{"location":{"x":169,"y":-98}},"node:2320042690294369428":{"location":{"x":-166,"y":-147}},"node:2995255034971128576":{"location":{"x":-111,"y":-34}}},"selection":null,"view":{"scroll":{"x":-454.467041015625,"y":-375.3436279296875},"visible_rect":{"max":{"x":553.532958984375,"y":274.6563720703125},"min":{"x":-454.467041015625,"y":-375.3436279296875}},"zoom":1}}