{"nodes":{"node:10280805401236425921":{"location":{"x":0,"y":0}},"node:5818949841465740710":{"location":{"x":249,"y":-19}},"node:6045429820094801543":{"location":{"x":26,"y":76}}},"selection":null,"view":{"scroll":{"x":-391.43768310546875,"y":-240.691970825195312},"visible_rect":{"max":{"x":616.56231689453125,"y":409.30804443359375},"min":{"x":-391.43768310546875,"y":-240.691970825195312}},"zoom":1}}