{"nodes":{"node:10645602250102209314":{"location":{"x":0,"y":0}},"node:18305322013541561881":{"location":{"x":0,"y":0}}},"selection":null,"view":{"scroll":{"x":-446.6690673828125,"y":-437.4803466796875},"visible_rect":{"max":{"x":449.06475830078125,"y":170.015731811523438},"min":{"x":-357.33526611328125,"y":-349.984283447265625}},"zoom":1.25}}