{"nodes":{"node:12010628803741002907":{"location":{"x":0,"y":0}},"node:12992446640001274257":{"location":{"x":88,"y":-132}},"node:9067041574095514728":{"location":{"x":0,"y":0}}},"selection":null,"view":{"scroll":{"x":-452.6690673828125,"y":-437.4803466796875},"visible_rect":{"max":{"x":444.264739990234375,"y":170.015731811523438},"min":{"x":-362.13525390625,"y":-349.984283447265625}},"zoom":1.25}}